ds,value,type
2023-01-01,102.48357076505616,actual
2023-01-02,99.65294561726076,actual
2023-01-03,103.92687492295838,actual
2023-01-04,108.6475426265052,actual
2023-01-05,100.20528166242973,actual
2023-01-06,100.54861119000304,actual
2023-01-07,109.95809802648566,actual
2023-01-08,106.2413345437516,actual
2023-01-09,100.39820351259053,actual
2023-01-10,105.79897663121544,actual
2023-01-11,101.10877441956724,actual
2023-01-12,101.4358854290136,actual
2023-01-13,105.31190135520256,actual
2023-01-14,94.87202903679432,actual
2023-01-15,96.14886615755384,actual
2023-01-16,102.29562825611887,actual
2023-01-17,100.37500754901,actual
2023-01-18,107.34088532058855,actual
2023-01-19,101.55830411551972,actual
2023-01-20,99.36387472717082,actual
2023-01-21,114.07870183649004,actual
2023-01-22,105.94464094109476,actual
2023-01-23,107.73213188125308,actual
2023-01-24,100.58952719380486,actual
2023-01-25,105.30784616149354,actual
2023-01-26,108.89848500079567,actual
2023-01-27,102.9005439638971,actual
2023-01-28,110.84307692653658,actual
2023-01-29,106.267811968463,actual
2023-01-30,108.11620805334938,actual
2023-01-31,106.86697794205256,actual
2023-02-01,119.43480979958676,actual
2023-02-02,110.40082602362132,actual
2023-02-03,105.4715487859865,actual
2023-02-04,115.16143082386832,actual
2023-02-05,105.22981687596724,actual
2023-02-06,112.6603234440998,actual
2023-02-07,102.0961831198164,actual
2023-02-08,105.52860715781036,actual
2023-02-09,113.42524114816295,actual
2023-02-10,116.4009789177806,actual
2023-02-11,113.82943262664948,actual
2023-02-12,112.65445095290436,actual
2023-02-13,111.98335389871248,actual
2023-02-14,106.3484453926362,actual
2023-02-15,110.3899454990594,actual
2023-02-16,111.92993859083656,actual
2023-02-17,119.75849189701285,actual
2023-02-18,116.42643190712202,actual
2023-02-19,106.12424097711744,actual
2023-02-20,116.78653601654524,actual
2023-02-21,113.46288513559718,actual
2023-02-22,112.22130701988571,actual
2023-02-23,118.87729457933987,actual
2023-02-24,121.18221937597328,actual
2023-02-25,120.8871817757282,actual
2023-02-26,112.2334434499351,actual
2023-02-27,115.07735064806008,actual
2023-02-28,118.4686852697074,actual
2023-03-01,121.87406746616236,actual
2023-03-02,114.7794079762896,actual
2023-03-03,116.42083221127284,actual
2023-03-04,111.98615923285472,actual
2023-03-05,111.70031707846393,actual
2023-03-06,121.90225604116196,actual
2023-03-07,124.77381753589898,actual
2023-03-08,117.78022564815105,actual
2023-03-09,123.3002242531668,actual
2023-03-10,120.22760587957086,actual
2023-03-11,115.3252348985583,actual
2023-03-12,120.48372260400058,actual
2023-03-13,126.48730399116776,actual
2023-03-14,118.73279755299308,actual
2023-03-15,126.8443486049731,actual
2023-03-16,106.0259710113894,actual
2023-03-17,123.33210819932212,actual
2023-03-18,119.75003409428795,actual
2023-03-19,117.9062416847008,actual
2023-03-20,119.94081298612592,actual
2023-03-21,109.61912225710869,actual
2023-03-22,118.52776996624462,actual
2023-03-23,121.47503919260058,actual
2023-03-24,127.1364590715873,actual
2023-03-25,117.20729881037884,actual
2023-03-26,115.8019761738927,actual
2023-03-27,117.37557291995635,actual
2023-03-28,124.49539051145396,actual
2023-03-29,121.59025501046152,actual
2023-03-30,117.31990740427608,actual
2023-03-31,122.55133739036044,actual
2023-04-01,120.48075778633802,actual
2023-04-02,124.84303974738825,actual
2023-04-03,116.48806770370798,actual
2023-04-04,118.35261488075832,actual
2023-04-05,118.01705354603988,actual
2023-04-06,112.64076847664724,actual
2023-04-07,121.41377942040629,actual
2023-04-08,121.2073825829134,actual
2023-04-09,119.8907042685606,actual
2023-04-10,118.64934561299336,actual
2023-04-11,112.69669809439476,actual
2023-04-12,117.61573638544982,actual
2023-04-13,117.9449584569658,actual
2023-04-14,115.5808874868017,actual
2023-04-15,118.71378245431733,actual
2023-04-16,121.46261821665392,actual
2023-04-17,128.78968516653393,actual
2023-04-18,120.14230003544218,actual
2023-04-19,120.46210829335976,actual
2023-04-20,118.70139035377808,actual
2023-04-21,109.37337552374822,actual
2023-04-22,118.72265349056232,actual
2023-04-23,119.03877797561375,actual
2023-04-24,130.93068918318602,actual
2023-04-25,117.52400961995626,actual
2023-04-26,119.85940923285594,actual
2023-04-27,118.03853375335812,actual
2023-04-28,112.22372585839604,actual
2023-04-29,123.63089988727327,actual
2023-04-30,121.52081161602372,actual
2023-05-01,121.55540381468596,actual
2023-05-02,112.88718910021274,actual
2023-05-03,124.27681411567872,actual
2023-05-04,110.07718808103512,actual
2023-05-05,119.83926661606262,actual
2023-05-06,127.67078771742264,actual
2023-05-07,111.57440234882476,actual
2023-05-08,113.49927238090446,actual
2023-05-09,116.6278557518571,actual
2023-05-10,113.40627900507133,actual
2023-05-11,107.95967994624364,actual
2023-05-12,115.84049570137095,actual
2023-05-13,109.96625368718034,actual
2023-05-14,117.42129870381608,actual
2023-05-15,110.2273190458029,actual
2023-05-16,122.34082310681744,actual
2023-05-17,110.43727181183804,actual
2023-05-18,112.50136462111516,actual
2023-05-19,117.9332106245879,actual
2023-05-20,107.46114660737057,actual
2023-05-21,114.49857695729132,actual
2023-05-22,119.63884091559385,actual
2023-05-23,104.80367809192516,actual
2023-05-24,113.4984255845782,actual
2023-05-25,113.60510597050867,actual
2023-05-26,115.941595623385,actual
2023-05-27,105.57095149145906,actual
2023-05-28,104.87316229266511,actual
2023-05-29,113.801493076288,actual
2023-05-30,112.38973213697896,actual
2023-05-31,111.86706521496804,actual
2023-06-01,112.05348886780192,actual
2023-06-02,106.62471266102308,actual
2023-06-03,110.88672262797884,actual
2023-06-04,110.88855251997067,actual
2023-06-05,105.54637678003732,actual
2023-06-06,118.13924824273369,actual
2023-06-07,110.86917140395002,actual
2023-06-08,102.23060169029918,actual
2023-06-09,111.15457357629847,actual
2023-06-10,102.68075095294267,actual
2023-06-11,111.1696976333076,actual
2023-06-12,112.70522414845168,actual
2023-06-13,102.48475805273203,actual
2023-06-14,111.07902146493817,actual
2023-06-15,107.9981610201523,actual
2023-06-16,109.71491430395676,actual
2023-06-17,114.75727476782988,actual
2023-06-18,103.71350302960435,actual
2023-06-19,100.8374325828248,actual
2023-06-20,99.8228461606683,actual
2023-06-21,99.85440637104436,actual
2023-06-22,103.20982316744072,actual
2023-06-23,104.96190013285356,actual
2023-06-24,104.2994379350476,actual
2023-06-25,106.71087979423174,actual
2023-06-26,102.29818960182344,actual
2023-06-27,109.15840538213055,actual
2023-06-28,100.22444541847948,actual
2023-06-29,114.80511138026397,actual
2023-06-30,103.98878139891563,actual
2023-07-01,96.23058102246124,actual
2023-07-02,94.8176774474682,actual
2023-07-03,102.24022213844216,actual
2023-07-04,98.3663172688281,actual
2023-07-05,102.70955781036986,actual
2023-07-06,101.16192257555188,actual
2023-07-07,98.08812585204636,actual
2023-07-08,93.875296413314,actual
2023-07-09,90.19258373413678,actual
2023-07-10,95.19246169061329,actual
2023-07-11,101.36601003321988,actual
2023-07-12,97.81432846188068,actual
2023-07-13,90.17597439192882,actual
2023-07-14,96.9324468333844,actual
2023-07-15,97.65616858984828,actual
2023-07-16,90.97459941438208,actual
2023-07-17,95.82818192010892,actual
2023-07-18,95.01773373766986,actual
2023-07-19,88.68053500686256,actual
2023-07-20,95.8546804162716,actual
2023-07-21,96.54178181312464,actual
2023-07-22,98.82708657138578,actual
2023-07-23,98.35676400675985,actual
2023-07-24,85.8773785456192,actual
2023-07-25,87.7567154963451,actual
2023-07-26,94.70337080291397,actual
2023-07-27,94.38181057824862,actual
2023-07-28,94.07523163213916,actual
2023-07-29,110.4532817662637,actual
2023-07-30,93.73631868329666,actual
2023-07-31,96.25463804742571,actual
2023-08-01,95.0445546752922,actual
2023-08-02,93.23211998761349,actual
2023-08-03,88.10240595648122,actual
2023-08-04,93.18024513922768,actual
2023-08-05,85.23106515649913,actual
2023-08-06,87.62412171809643,actual
2023-08-07,86.09773690276799,actual
2023-08-08,88.65366565108215,actual
2023-08-09,99.54081156886907,actual
2023-08-10,78.3579820377747,actual
2023-08-11,90.85604465995588,actual
2023-08-12,79.09532637932047,actual
2023-08-13,84.53721352687113,actual
2023-08-14,92.08347570056615,actual
2023-08-15,86.70593190593699,actual
2023-08-16,80.74565157261394,actual
2023-08-17,82.31180925155661,actual
2023-08-18,89.04445047115415,actual
2023-08-19,81.75701575968456,actual
2023-08-20,86.25785273093797,actual
2023-08-21,85.1745226488789,actual
2023-08-22,81.46422600616006,actual
2023-08-23,95.2220396192858,actual
2023-08-24,87.45659801001577,actual
2023-08-25,73.95062979105967,actual
2023-08-26,84.80267264742824,actual
2023-08-27,80.36030664723974,actual
2023-08-28,87.73508269950293,actual
2023-08-29,79.31888671946378,actual
2023-08-30,82.52133664560424,actual
2023-08-31,85.43849299990575,actual
2023-09-01,87.06593340985239,actual
2023-09-02,76.56439159053468,actual
2023-09-03,80.72724974132454,actual
2023-09-04,79.86412699160536,actual
2023-09-05,78.81656802243327,actual
2023-09-06,90.7601551549118,actual
2023-09-07,83.81281595292046,actual
2023-09-08,75.3439077071369,actual
2023-09-09,86.10349529141202,actual
2023-09-10,91.99630236430356,actual
2023-09-11,86.4246993768471,actual
2023-09-12,73.54792730242153,actual
2023-09-13,78.6115980354253,actual
2023-09-14,87.26093581332421,actual
2023-09-15,77.28729633216017,actual
2023-09-16,82.94968616944816,actual
2023-09-17,84.51441460666541,actual
2023-09-18,75.92298370952835,actual
2023-09-19,80.18216220704363,actual
2023-09-20,64.20138946674484,actual
2023-09-21,75.21953075372892,actual
2023-09-22,79.01819624375759,actual
2023-09-23,73.98753228552894,actual
2023-09-24,88.33977523978909,actual
2023-09-25,72.98415612484855,actual
2023-09-26,77.89767134450113,actual
2023-09-27,80.72052485134705,actual
2023-09-28,87.24802322802273,actual
2023-09-29,72.84309493240214,actual
2023-09-30,85.82489314702765,actual
2023-10-01,80.05283213200319,actual
2023-10-02,75.09264195003644,actual
2023-10-03,82.31514733171853,actual
2023-10-04,81.01029825307369,actual
2023-10-05,77.03020719109475,actual
2023-10-06,80.40251096278699,actual
2023-10-07,78.15505209274761,actual
2023-10-08,80.68322858837719,actual
2023-10-09,83.46620918424658,actual
2023-10-10,88.13143417897969,actual
2023-10-11,74.06393365798604,actual
2023-10-12,90.97569053823948,actual
2023-10-13,70.61343159695531,actual
2023-10-14,79.68410769470894,actual
2023-10-15,83.45957692897447,actual
2023-10-16,82.00368090164503,actual
2023-10-17,77.57170364779992,actual
2023-10-18,79.73679307076762,actual
2023-10-19,78.41029879486773,actual
2023-10-20,78.03204588937587,actual
2023-10-21,85.33608273656228,actual
2023-10-22,82.98795627098733,actual
2023-10-23,77.85870744723823,actual
2023-10-24,85.94716570558232,actual
2023-10-25,83.11707185005035,actual
2023-10-26,85.78175083048814,actual
2023-10-27,85.00786795356535,actual
2023-10-28,77.86240755234478,actual
2023-10-29,79.35946786982419,actual
2023-10-30,86.05511782674903,actual
2023-10-31,85.53401722428245,actual
2023-11-01,82.5463649355873,actual
2023-11-02,83.41135775102785,actual
2023-11-03,89.39198264839156,actual
2023-11-04,80.22977494313128,actual
2023-11-05,86.11207437853403,actual
2023-11-06,82.55950567178223,actual
2023-11-07,82.68081280371668,actual
2023-11-08,89.46666249644241,actual
2023-11-09,88.3081686098046,actual
2023-11-10,88.46163115858766,actual
2023-11-11,91.13909749809288,actual
2023-11-12,84.93890303859254,actual
2023-11-13,88.47032310254372,actual
2023-11-14,83.74032575775301,actual
2023-11-15,87.14795099652396,actual
2023-11-16,85.11615228252607,actual
2023-11-17,86.49581328393064,actual
2023-11-18,89.23472978271121,actual
2023-11-19,82.42002420717373,actual
2023-11-20,97.22924401358172,actual
2023-11-21,81.99732187180184,actual
2023-11-22,81.2204109182578,actual
2023-11-23,93.34961939868298,actual
2023-11-24,91.78877606751216,actual
2023-11-25,91.2260653460455,actual
2023-11-26,91.52572207724538,actual
2023-11-27,88.60473100994307,actual
2023-11-28,84.46502187921844,actual
2023-11-29,89.61891936020265,actual
2023-11-30,86.14587929512842,actual
2023-12-01,94.70217979004669,actual
2023-12-02,89.38920208928975,actual
2023-12-03,86.29783721372168,actual
2023-12-04,89.122065373678,actual
2023-12-05,93.10007043656992,actual
2023-12-06,88.52586538497148,actual
2023-12-07,87.5450259699215,actual
2023-12-08,93.18867627334008,actual
2023-12-09,93.51156473067148,actual
2023-12-10,90.07079326533089,actual
2023-12-11,90.57128602838095,actual
2023-12-12,94.4097916949059,actual
2023-12-13,86.33418505866608,actual
2023-12-14,86.86425663499143,actual
2023-12-15,90.63813023612562,actual
2023-12-16,93.49360109075866,actual
2023-12-17,96.44747192566624,actual
2023-12-18,102.60332576462876,actual
2023-12-19,99.84986785592676,actual
2023-12-20,95.09821735281048,actual
2023-12-21,96.14038476362168,actual
2023-12-22,91.5614902931814,actual
2023-12-23,96.82125790675244,actual
2023-12-24,95.811131363134,actual
2023-12-25,99.2094319037034,actual
2023-12-26,93.80181133328968,actual
2023-12-27,100.87743659645692,actual
2023-12-28,106.28764602896648,actual
2023-12-29,98.42380591325065,actual
2023-12-30,101.3201263780398,actual
2023-12-31,103.10645283543886,actual
2024-01-01,97.99389764057084,actual
2024-01-02,101.46472953216876,actual
2024-01-03,100.75139423636392,actual
2024-01-04,101.5207738372092,actual
2024-01-05,97.51099961676908,actual
2024-01-06,101.84184684604364,actual
2024-01-07,104.55202540517594,actual
2024-01-08,109.65987893696224,actual
2024-01-09,107.54192957269132,actual
2024-01-10,113.8520887008434,actual
2024-01-11,99.58912506918932,actual
2024-01-12,108.12613738046828,actual
2024-01-13,105.01880002606411,actual
2024-01-14,115.38744492617168,actual
2024-01-15,100.73196389334322,actual
2024-01-16,100.90845669141986,actual
2024-01-17,102.44219992346198,actual
2024-01-18,95.15017003606312,actual
2024-01-19,103.46964938472196,actual
2024-01-20,102.62972992607878,actual
2024-01-21,107.5024269242633,actual
2024-01-22,108.78230232241324,actual
2024-01-23,116.77534505389288,actual
2024-01-24,112.4653873158024,actual
2024-01-25,105.14524150580743,actual
2024-01-26,103.85179869550454,actual
2024-01-27,111.11510770854116,actual
2024-01-28,102.363420799705,actual
2024-01-29,118.42829924732878,actual
2024-01-30,115.4718774059222,actual
2024-01-31,107.529632742676,actual
2024-02-01,101.60774623158773,actual
2024-02-02,117.23767401813808,actual
2024-02-03,110.18740420450293,actual
2024-02-04,117.23778782321968,actual
2024-02-05,103.3618968318505,actual
2024-02-06,108.61913035430712,actual
2024-02-07,111.9207522378062,actual
2024-02-08,112.4044403711262,actual
2024-02-09,110.19060761142111,actual
2024-02-10,115.82289567954102,actual
2024-02-11,107.63448907378664,actual
2024-02-12,112.5207949397391,actual
2024-02-13,114.0903505352184,actual
2024-02-14,116.31324951476708,actual
2024-02-15,117.5472409314774,actual
2024-02-16,108.60992198644614,actual
2024-02-17,106.80230991224012,actual
2024-02-18,121.09672456877226,actual
2024-02-19,116.60101181382905,actual
2024-02-20,111.42368348678848,actual
2024-02-21,123.14405641529136,actual
2024-02-22,116.1842901928798,actual
2024-02-23,121.71539905545468,actual
2024-02-24,116.36481417054408,actual
2024-02-25,126.53452080455716,actual
2024-02-26,125.20623527826427,actual
2024-02-27,115.3785917849208,actual
2024-02-28,121.67022286746132,actual
2024-02-29,120.2232215784763,actual
2024-03-01,124.0184369531778,actual
2024-03-02,112.5245097916914,actual
2024-03-03,120.94809140287704,actual
2024-03-04,122.97347263311522,actual
2024-03-05,109.0459294970754,actual
2024-03-06,112.076324829716,actual
2024-03-07,107.9441153672522,actual
2024-03-08,116.93552559148388,actual
2024-03-09,122.0071370333125,actual
2024-03-10,126.06261893206408,actual
2024-03-11,119.04721847855738,actual
2024-03-12,126.94019888669438,actual
2024-03-13,112.0114204574684,actual
2024-03-14,110.5042181291273,actual
2024-03-15,118.84695803735502,actual
2024-03-16,121.14292292214256,actual
2024-03-17,119.15132501262664,actual
2024-03-18,109.06406793683075,actual
2024-03-19,119.03640890588446,actual
2024-03-20,113.03461932758889,actual
2024-03-21,122.97449214958236,actual
2024-03-22,121.52246756552609,actual
2024-03-23,115.04758991624294,actual
2024-03-24,117.2293153150636,actual
2024-03-25,114.54837657891387,actual
2024-03-26,119.57096265151316,actual
2024-03-27,124.69409152544978,actual
2024-03-28,115.0178692304854,actual
2024-03-29,122.4889410007005,actual
2024-03-30,117.33371213293148,actual
2024-03-31,116.0310058782861,actual
2024-04-01,119.464662994951,actual
2024-04-02,114.82212156099789,actual
2024-04-03,117.22267908701124,actual
2024-04-04,113.98820484875642,actual
2024-04-05,129.78196888188978,actual
2024-04-06,120.10949579494203,actual
2024-04-07,116.40347868205104,actual
2024-04-08,120.9350365390194,actual
2024-04-09,119.26064103141492,actual
2024-04-10,118.6687038069807,actual
2024-04-11,122.78979649949372,actual
2024-04-12,123.44606958983616,actual
2024-04-13,116.93976809485716,actual
2024-04-14,116.64111980942396,actual
2024-04-15,118.067105446823,actual
2024-04-16,107.84914983680336,actual
2024-04-17,111.69345566029024,actual
2024-04-18,126.00872767696856,actual
2024-04-19,127.29845850011534,actual
2024-04-20,117.72205140246156,actual
2024-04-21,121.73800768308726,actual
2024-04-22,120.2938776986263,actual
2024-04-23,134.0088826630358,actual
2024-04-24,124.08368900103476,actual
2024-04-25,117.71208456378405,actual
2024-04-26,113.4343903988822,actual
2024-04-27,110.03488444520582,actual
2024-04-28,118.9341039940343,actual
2024-04-29,113.97939272616834,actual
2024-04-30,110.48897553148234,actual
2024-05-01,114.2012619529738,actual
2024-05-02,111.85510254292625,actual
2024-05-03,125.52215157035936,actual
2024-05-04,121.31317993180852,actual
2024-05-05,116.67864638178963,actual
2024-05-06,123.92680466892833,actual
2024-05-07,116.71760256715642,actual
2024-05-08,111.82317791977758,actual
2024-05-09,123.5392776620006,actual
2024-05-10,118.4075473199976,actual
2024-05-11,110.31145005570856,actual
2024-05-12,114.3260788653928,actual
2024-05-13,110.67524528371638,actual
2024-05-14,107.91044156215024,actual
2024-05-15,119.222038819388,actual
2024-05-16,123.9006214758699,actual
2024-05-17,107.11883433304784,actual
2024-05-18,116.6804707211924,actual
2024-05-19,110.36225534393118,actual
2024-05-20,110.92565036544718,actual
2024-05-21,110.14115752298736,actual
2024-05-22,108.5211404163322,actual
2024-05-23,112.81786443164084,actual
2024-05-24,108.15094141721138,actual
2024-05-25,113.38476539339764,actual
2024-05-26,111.50451449860378,actual
2024-05-27,110.28070512375446,actual
2024-05-28,106.65396693799552,actual
2024-05-29,108.02095211797136,actual
2024-05-30,114.39155709236744,actual
2024-05-31,112.82583375843896,actual
2024-06-01,105.13706004492276,actual
2024-06-02,110.22211566931996,actual
2024-06-03,113.1801257703362,actual
2024-06-04,100.77110746456236,actual
2024-06-05,111.5271766489096,actual
2024-06-06,105.18688800466184,actual
2024-06-07,111.04011251927822,actual
2024-06-08,104.05550975041676,actual
2024-06-09,98.5297488007567,actual
2024-06-10,99.09656242517951,actual
2024-06-11,107.15267098672156,actual
2024-06-12,107.88678215309804,actual
2024-06-13,101.7405576931945,actual
2024-06-14,109.12721867935667,actual
2024-06-15,97.29701319263953,actual
2024-06-16,104.94291086132358,actual
2024-06-17,98.88536261080644,actual
2024-06-18,101.34693286560145,actual
2024-06-19,104.50741166537796,actual
2024-06-20,99.6313909694518,actual
2024-06-21,101.67255399336211,actual
2024-06-22,108.28760430484256,actual
2024-06-23,100.03152459078171,actual
2024-06-24,106.75342410937732,actual
2024-06-25,96.5846458691458,actual
2024-06-26,104.53975588592044,actual
2024-06-27,108.75557268795876,actual
2024-06-28,88.84604304667943,actual
2024-06-29,96.87596838273824,actual
2024-06-30,103.40172944044537,actual
2024-07-01,99.1569130075588,actual
2024-07-02,101.6835894290828,actual
2024-07-03,96.46370526187826,actual
2024-07-04,99.5725042772739,actual
2024-07-05,98.01734827572376,actual
2024-07-06,104.2911807236298,actual
2024-07-07,99.38136922016211,actual
2024-07-08,99.45483316794213,actual
2024-07-09,95.36565162033604,actual
2024-07-10,94.64598494124004,actual
2024-07-11,94.58106880213155,actual
2024-07-12,98.37692899738023,actual
2024-07-13,93.96161980002717,actual
2024-07-14,97.17845597568612,actual
2024-07-15,105.77089058861496,actual
2024-07-16,99.41517990753977,actual
2024-07-17,93.09657248460064,actual
2024-07-18,100.4014561068354,actual
2024-07-19,92.02536674942245,actual
2024-07-20,83.5472365053942,actual
2024-07-21,88.37139880092238,actual
2024-07-22,83.73379414145607,actual
2024-07-23,91.00815796519814,actual
2024-07-24,92.53793259186848,actual
2024-07-25,100.5103810282471,actual
2024-07-26,93.44751769250838,actual
2024-07-27,90.40449055656464,actual
2024-07-28,95.33665221890756,actual
2024-07-29,79.82618958479142,actual
2024-07-30,91.75488263706556,actual
2024-07-31,94.12887182726104,actual
2024-08-01,82.58223250218529,actual
2024-08-02,95.39752239571756,actual
2024-08-03,91.0778810742334,actual
2024-08-04,87.01875165968299,actual
2024-08-05,91.97212408232792,actual
2024-08-06,99.87801893093548,actual
2024-08-07,89.15362622944302,actual
2024-08-08,89.20862166700324,actual
2024-08-09,85.39750350303225,actual
2024-08-10,83.17552186075935,actual
2024-08-11,91.31058481798996,actual
2024-08-12,82.61645372627397,actual
2024-08-13,86.99655390182629,actual
2024-08-14,83.99624457663411,actual
2024-08-15,88.5292745909924,actual
2024-08-16,87.55663832429119,actual
2024-08-17,90.83416144777026,actual
2024-08-18,82.85876692399653,actual
2024-08-19,83.82618510656123,actual
2024-08-20,80.05284487044831,actual
2024-08-21,82.5007614438086,actual
2024-08-22,86.38882163788344,actual
2024-08-23,88.07194598165248,actual
2024-08-24,79.46551610345956,actual
2024-08-25,88.21843067410943,actual
2024-08-26,90.44742826510644,actual
2024-08-27,85.54009054164031,actual
2024-08-28,92.6654694744176,actual
2024-08-29,79.22607285742089,actual
2024-08-30,76.69028308844638,actual
2024-08-31,73.84355619448039,actual
2024-09-01,90.04609518325948,actual
2024-09-02,85.67158420229957,actual
2024-09-03,81.96093019285787,actual
2024-09-04,83.48305731690091,actual
2024-09-05,76.30543871701443,actual
2024-09-06,94.0166672961998,actual
2024-09-07,82.29443338868828,actual
2024-09-08,82.0611595291626,actual
2024-09-09,85.01435449873388,actual
2024-09-10,83.66741923277493,actual
2024-09-11,82.26419725358726,actual
2024-09-12,77.08039612253002,actual
2024-09-13,83.28372185307107,actual
2024-09-14,90.23576614262926,actual
2024-09-15,87.45768925949191,actual
2024-09-16,88.6071774727157,actual
2024-09-17,78.00155768526284,actual
2024-09-18,75.53176488605973,actual
2024-09-19,79.77879156659196,actual
2024-09-20,80.62009352184384,actual
2024-09-21,85.75199459307812,actual
2024-09-22,71.76412504677909,actual
2024-09-23,87.82547031743398,actual
2024-09-24,79.34482352175677,actual
2024-09-25,77.96348842824895,actual
2024-09-26,75.00630008861576,actual
2024-09-27,71.76737342336331,actual
2024-09-28,84.1382586081089,actual
2024-09-29,80.37566422219487,actual
2024-09-30,73.55186232819997,actual
2024-10-01,73.52479134495812,actual
2024-10-02,78.32570646395155,actual
2024-10-03,88.3601074016533,actual
2024-10-04,78.7333348200707,actual
2024-10-05,72.53778577224637,actual
2024-10-06,78.85290475662669,actual
2024-10-07,78.75202401338261,actual
2024-10-08,66.67112259693349,actual
2024-10-09,79.92987576566387,actual
2024-10-10,79.09833850107688,actual
2024-10-11,83.79155548902524,actual
2024-10-12,89.61865106929454,actual
2024-10-13,86.07585831762565,actual
2024-10-14,79.17354744377742,actual
2024-10-15,75.0660920192615,actual
2024-10-16,93.5520002631522,actual
2024-10-17,81.07349649262642,actual
2024-10-18,80.94494992772661,actual
2024-10-19,80.85824423854692,actual
2024-10-20,82.07849605529641,actual
2024-10-21,80.48107678154237,actual
2024-10-22,78.4549453891403,actual
2024-10-23,78.7148716222141,actual
2024-10-24,81.41680789458731,actual
2024-10-25,79.00031638062447,actual
2024-10-26,78.29549483056147,actual
2024-10-27,82.53953374541462,actual
2024-10-28,80.88548698370475,actual
2024-10-29,89.83861474404615,actual
2024-10-30,69.2273168551501,actual
2024-10-31,88.10840716502037,actual
2024-11-01,89.05514679697208,actual
2024-11-02,72.63670700740869,actual
2024-11-03,81.4741939169087,actual
2024-11-04,81.51938314270488,actual
2024-11-05,76.5329104603626,actual
2024-11-06,79.8801353818984,actual
2024-11-07,78.41989900917733,actual
2024-11-08,92.94243908198256,actual
2024-11-09,89.07247494432178,actual
2024-11-10,90.96947893729204,actual
2024-11-11,88.44224415064492,actual
2024-11-12,79.41529938998274,actual
2024-11-13,82.6690582093214,actual
2024-11-14,87.97399204022135,actual
2024-11-15,79.65622850990476,actual
2024-11-16,89.57582560982898,actual
2024-11-17,85.05731766473599,actual
2024-11-18,84.6370235855931,actual
2024-11-19,90.32210747617188,actual
2024-11-20,89.24872533673054,actual
2024-11-21,85.48652315310105,actual
2024-11-22,93.35571404800388,actual
2024-11-23,82.42514595969796,actual
2024-11-24,91.18514429550603,actual
2024-11-25,91.34950082076588,actual
2024-11-26,87.11823267760768,actual
2024-11-27,90.58195884785816,actual
2024-11-28,82.98432868730751,actual
2024-11-29,94.1518229487235,actual
2024-11-30,88.90207044074295,actual
2024-12-01,87.51087389420522,actual
2024-12-02,95.6703693268687,actual
2024-12-03,87.20727612922919,actual
2024-12-04,83.99310668337398,actual
2024-12-05,83.56134228137181,actual
2024-12-06,94.68617770448188,actual
2024-12-07,85.56809345339911,actual
2024-12-08,101.06070278504968,actual
2024-12-09,82.19586210276793,actual
2024-12-10,101.40875939792276,actual
2024-12-11,94.30462934413082,actual
2024-12-12,93.09104120680074,actual
2024-12-13,91.17698007282948,actual
2024-12-14,96.22603191414818,actual
2024-12-15,94.37266333719364,actual
2024-12-16,100.40944350775888,actual
2024-12-17,95.7976829231912,actual
2024-12-18,96.31307854722608,actual
2024-12-19,94.07984894155832,actual
2024-12-20,95.95073768452976,actual
2024-12-21,98.11314596083074,actual
2024-12-22,88.36298162343122,actual
2024-12-23,90.51349744720612,actual
2024-12-24,101.31215957212652,actual
2024-12-25,98.792293241691,actual
2024-12-26,97.36078734348764,actual
2024-12-27,98.71612112928057,actual
2024-12-28,100.70551518234326,actual
2024-12-29,96.61276936599825,actual
2024-12-30,95.76420924987173,actual
2024-12-31,100.97922627548844,actual
2023-01-01,101.43710963682784,forecast
2023-01-02,101.9156075177598,forecast
2023-01-03,101.1260666511047,forecast
2023-01-04,102.21784253369609,forecast
2023-01-05,101.87273383503612,forecast
2023-01-06,103.20614115394284,forecast
2023-01-07,102.69840019592807,forecast
2023-01-08,103.22373151707966,forecast
2023-01-09,103.57618507410008,forecast
2023-01-10,102.6760112053661,forecast
2023-01-11,103.6742352447505,forecast
2023-01-12,103.25385882693496,forecast
2023-01-13,104.53100613431276,forecast
2023-01-14,103.98625778338624,forecast
2023-01-15,104.49361410663836,forecast
2023-01-16,104.84646531965652,forecast
2023-01-17,103.9639991173572,forecast
2023-01-18,104.99582152617047,forecast
2023-01-19,104.62321244868822,forecast
2023-01-20,105.96033233334846,forecast
2023-01-21,105.48562071225092,forecast
2023-01-22,106.07082633150154,forecast
2023-01-23,106.50704431799689,forecast
2023-01-24,105.71118892754254,forecast
2023-01-25,106.83067580782584,forecast
2023-01-26,106.54473348952556,forecast
2023-01-27,107.9656590047012,forecast
2023-01-28,107.5702571250157,forecast
2023-01-29,108.22890195958144,forecast
2023-01-30,108.7315956930046,forecast
2023-01-31,107.9944526714733,forecast
2023-02-01,109.164382766506,forecast
2023-02-02,108.92039404364306,forecast
2023-02-03,110.37483028155314,forecast
2023-02-04,110.0047837368591,forecast
2023-02-05,110.68112307073169,forecast
2023-02-06,111.194512596308,forecast
2023-02-07,110.46185259774995,forecast
2023-02-08,111.63091630545756,forecast
2023-02-09,111.38160526645972,forecast
2023-02-10,112.827140367917,forecast
2023-02-11,112.44543056726664,forecast
2023-02-12,113.10806079541864,forecast
2023-02-13,113.6062765853884,forecast
2023-02-14,112.8573963697795,forecast
2023-02-15,114.00942798597436,forecast
2023-02-16,113.7423118148652,forecast
2023-02-17,115.16910821012829,forecast
2023-02-18,114.76737136874364,forecast
2023-02-19,115.40815091727842,forecast
2023-02-20,115.88199825161624,forecast
2023-02-21,115.1054078219619,forecast
2023-02-22,116.22546887071024,forecast
2023-02-23,115.92114881348547,forecast
2023-02-24,117.30452450698624,forecast
2023-02-25,116.85220201367028,forecast
2023-02-26,117.43436450616036,forecast
2023-02-27,117.8408237203903,forecast
2023-02-28,116.98750350847855,forecast
2023-03-01,118.02112946764272,forecast
2023-03-02,117.62054442218216,forecast
2023-03-03,118.89796476720127,forecast
2023-03-04,118.33041726609596,forecast
2023-03-05,118.78879517739556,forecast
2023-03-06,119.06390862949976,forecast
2023-03-07,118.07295759830784,forecast
2023-03-08,118.96420157031486,forecast
2023-03-09,118.41824607609864,forecast
2023-03-10,119.5492618013286,forecast
2023-03-11,118.83637683691144,forecast
2023-03-12,119.15268215618708,forecast
2023-03-13,119.29122665647644,forecast
2023-03-14,118.17143170694698,forecast
2023-03-15,118.94370097987684,forecast
2023-03-16,118.29064752266775,forecast
2023-03-17,119.32825555249777,forecast
2023-03-18,118.53721927114242,forecast
2023-03-19,118.79190042743625,forecast
2023-03-20,118.88628245853678,forecast
2023-03-21,117.74035244954642,forecast
2023-03-22,118.5046877625874,forecast
2023-03-23,117.86167008709326,forecast
2023-03-24,118.92664490500135,forecast
2023-03-25,118.17926886667928,forecast
2023-03-26,118.49248668716452,forecast
2023-03-27,118.658514960686,forecast
2023-03-28,117.59526339624692,forecast
2023-03-29,118.45096930510196,forecast
2023-03-30,117.90546681780292,forecast
2023-03-31,119.07140733283124,forecast
2023-04-01,118.42567202720328,forecast
2023-04-02,118.83841624779492,forecast
2023-04-03,119.09912131794358,forecast
2023-04-04,118.12308238043268,forecast
2023-04-05,119.05610611575054,forecast
2023-04-06,118.5758388001445,forecast
2023-04-07,119.79303811727736,forecast
2023-04-08,119.18302961402668,forecast
2023-04-09,119.61478569320958,forecast
2023-04-10,119.87700190600316,forecast
2023-04-11,118.8845985392487,forecast
2023-04-12,119.78342117005704,forecast
2023-04-13,119.2515599186573,forecast
2023-04-14,120.40060261741954,forecast
2023-04-15,119.7070619415976,forecast
2023-04-16,120.04141605707498,forecast
2023-04-17,120.1941385837448,forecast
2023-04-18,119.0821472781445,forecast
2023-04-19,119.85344669787013,forecast
2023-04-20,119.18838630286854,forecast
2023-04-21,120.20085101698642,forecast
2023-04-22,119.36962612845016,forecast
2023-04-23,119.5673778897827,forecast
2023-04-24,119.58662733934004,forecast
2023-04-25,118.3461483383262,forecast
2023-04-26,118.99556649596964,forecast
2023-04-27,118.216581625627,forecast
2023-04-28,119.1241316865563,forecast
2023-04-29,118.19772142316222,forecast
2023-04-30,118.31045397997298,forecast
2023-05-01,118.2549499063637,forecast
2023-05-02,116.9497774142557,forecast
2023-05-03,117.54407341570403,forecast
2023-05-04,116.7187964436588,forecast
2023-05-05,117.58792830434282,forecast
2023-05-06,116.62986566478403,forecast
2023-05-07,116.71644178500496,forecast
2023-05-08,116.63895432888552,forecast
2023-05-09,115.3146282744724,forecast
2023-05-10,115.89128830192556,forecast
2023-05-11,115.048660760283,forecast
2023-05-12,115.89962045934016,forecast
2023-05-13,114.92162202444744,forecast
2023-05-14,114.98575474022634,forecast
2023-05-15,114.88279575654774,forecast
2023-05-16,113.5296898730208,forecast
2023-05-17,114.07422975739294,forecast
2023-05-18,113.1963564741165,forecast
2023-05-19,114.0093956502468,forecast
2023-05-20,112.99146939986012,forecast
2023-05-21,113.01452360773752,forecast
2023-05-22,112.87020740984926,forecast
2023-05-23,111.47672917275732,forecast
2023-05-24,111.98307441219512,forecast
2023-05-25,111.07039687580274,forecast
2023-05-26,111.85320487172902,forecast
2023-05-27,110.81072365737568,forecast
2023-05-28,110.81587520378277,forecast
2023-05-29,110.6612528151503,forecast
2023-05-30,109.26552155895484,forecast
2023-05-31,109.77802114637848,forecast
2023-06-01,108.8799938785228,forecast
2023-06-02,109.68575559041716,forecast
2023-06-03,108.67405209945188,forecast
2023-06-04,108.71704284555004,forecast
2023-06-05,108.60628925886768,forecast
2023-06-06,107.2591785460505,forecast
2023-06-07,107.82355895449724,forecast
2023-06-08,106.97900824906608,forecast
2023-06-09,107.83805217550162,forecast
2023-06-10,106.87757401651022,forecast
2023-06-11,106.96785532496004,forecast
2023-06-12,106.89862361324154,forecast
2023-06-13,105.58553583236404,forecast
2023-06-14,106.17425490270918,forecast
2023-06-15,105.3436236254176,forecast
2023-06-16,106.20508197551658,forecast
2023-06-17,105.23473616385272,forecast
2023-06-18,105.30243357753103,forecast
2023-06-19,105.1978350146811,forecast
2023-06-20,103.8369120652136,forecast
2023-06-21,104.36664312535828,forecast
2023-06-22,103.46632756086936,forecast
2023-06-23,104.24883300031608,forecast
2023-06-24,103.19201555990774,forecast
2023-06-25,103.16775231690175,forecast
2023-06-26,102.96796161176616,forecast
2023-06-27,101.51104039811028,forecast
2023-06-28,101.9464937655203,forecast
2023-06-29,100.95617801183204,forecast
2023-06-30,101.65547427978966,forecast
2023-07-01,100.52463470604096,forecast
2023-07-02,100.43774259617253,forecast
2023-07-03,100.18866438798749,forecast
2023-07-04,98.69742472355476,forecast
2023-07-05,99.11478171249236,forecast
2023-07-06,98.12342551585886,forecast
2023-07-07,98.83911875850004,forecast
2023-07-08,97.74167667236064,forecast
2023-07-09,97.70495547616652,forecast
2023-07-10,97.5217749071342,forecast
2023-07-11,96.1106585978537,forecast
2023-07-12,96.62044288856252,forecast
2023-07-13,95.73152169762932,forecast
2023-07-14,96.5570448376607,forecast
2023-07-15,95.5743114346693,forecast
2023-07-16,95.6537990092219,forecast
2023-07-17,95.58520438080576,forecast
2023-07-18,94.28392550685328,forecast
2023-07-19,94.89575857687537,forecast
2023-07-20,94.09823024968064,forecast
2023-07-21,95.001879907738,forecast
2023-07-22,94.08173113638966,forecast
2023-07-23,94.2063906720018,forecast
2023-07-24,94.16414886920818,forecast
2023-07-25,92.86950895394814,forecast
2023-07-26,93.46791786187217,forecast
2023-07-27,92.63711739882103,forecast
2023-07-28,93.4884298548339,forecast
2023-07-29,92.49821697014974,forecast
2023-07-30,92.53695063574328,forecast
2023-07-31,92.39512534995907,forecast
2023-08-01,90.99016379861314,forecast
2023-08-02,91.47064363935036,forecast
2023-08-03,90.5177121922125,forecast
2023-08-04,91.246282229475,forecast
2023-08-05,90.13639478775076,forecast
2023-08-06,90.06218999851062,forecast
2023-08-07,89.81786332010988,forecast
2023-08-08,88.32403826368193,forecast
2023-08-09,88.7323326267755,forecast
2023-08-10,87.7265414602393,forecast
2023-08-11,88.42375553759621,forecast
2023-08-12,87.30565888356176,forecast
2023-08-13,87.24744829105553,forecast
2023-08-14,87.04375377009248,forecast
2023-08-15,85.61499216144858,forecast
2023-08-16,86.11193161433118,forecast
2023-08-17,85.21689036081506,forecast
2023-08-18,86.04488827646539,forecast
2023-08-19,85.07499402068937,forecast
2023-08-20,85.17930945822884,forecast
2023-08-21,85.14896864321865,forecast
2023-08-22,83.90058154678326,forecast
2023-08-23,84.58089715932495,forecast
2023-08-24,83.86811014545145,forecast
2023-08-25,84.87311987897138,forecast
2023-08-26,84.07098848220934,forecast
2023-08-27,84.33003315562564,forecast
2023-08-28,84.4379277944727,forecast
2023-08-29,83.3082412373,forecast
2023-08-30,84.08518483189803,forecast
2023-08-31,83.44498775053381,forecast
2023-09-01,84.497213694783,forecast
2023-09-02,83.71625722217468,forecast
2023-09-03,83.9704572501425,forecast
2023-09-04,84.04820140562758,forecast
2023-09-05,82.86444842318136,forecast
2023-09-06,83.5654416461213,forecast
2023-09-07,82.83003293420887,forecast
2023-09-08,83.77093196941354,forecast
2023-09-09,82.86612098659546,forecast
2023-09-10,82.98787467391884,forecast
2023-09-11,82.92876143516416,forecast
2023-09-12,81.60805600601861,forecast
2023-09-13,82.1763394560162,forecast
2023-09-14,81.31670896273165,forecast
2023-09-15,82.14591545290267,forecast
2023-09-16,81.1456635323441,forecast
2023-09-17,81.19155954754623,forecast
2023-09-18,81.07900020444382,forecast
2023-09-19,79.72952051023942,forecast
2023-09-20,80.29533583976789,forecast
2023-09-21,79.46051071064036,forecast
2023-09-22,80.34207344912447,forecast
2023-09-23,79.42132039903916,forecast
2023-09-24,79.57275237875845,forecast
2023-09-25,79.59002179141835,forecast
2023-09-26,78.39232178482777,forecast
2023-09-27,79.12899405023771,forecast
2023-09-28,78.4807773420669,forecast
2023-09-29,79.56101365640617,forecast
2023-09-30,78.8470531561308,forecast
2023-10-01,79.20929773451412,forecast
2023-10-02,79.43725864038213,forecast
2023-10-03,78.44605649341467,forecast
2023-10-04,79.38113721184465,forecast
2023-10-05,78.91962295434135,forecast
2023-10-06,80.17161220360211,forecast
2023-10-07,79.61166751788977,forecast
2023-10-08,80.10792860066687,forecast
2023-10-09,80.44822421641271,forecast
2023-10-10,79.54661003147845,forecast
2023-10-11,80.54810459557035,forecast
2023-10-12,80.13004246230612,forecast
2023-10-13,81.40335845342042,forecast
2023-10-14,80.84404218740056,forecast
2023-10-15,81.3222015711539,forecast
2023-10-16,81.62811032393911,forecast
2023-10-17,80.67866835580662,forecast
2023-10-18,81.62204984628248,forecast
2023-10-19,81.13896023893454,forecast
2023-10-20,82.34381912090932,forecast
2023-10-21,81.71611099979057,forecast
2023-10-22,82.12934565816943,forecast
2023-10-23,82.37700610708225,forecast
2023-10-24,81.37891579848036,forecast
2023-10-25,82.2858025866229,forecast
2023-10-26,81.78048302883404,forecast
2023-10-27,82.97898603414458,forecast
2023-10-28,82.36185951871389,forecast
2023-10-29,82.80310295639782,forecast
2023-10-30,83.09610458184554,forecast
2023-10-31,82.16001515135888,forecast
2023-11-01,83.14433541047472,forecast
2023-11-02,82.73014056234274,forecast
2023-11-03,84.03125865160318,forecast
2023-11-04,83.52564577398861,forecast
2023-11-05,84.08439853763066,forecast
2023-11-06,84.49778028015888,forecast
2023-11-07,83.68169034858136,forecast
2023-11-08,84.7823509007269,forecast
2023-11-09,84.47763119796632,forecast
2023-11-10,85.8783242922949,forecast
2023-11-11,85.45961529511013,forecast
2023-11-12,86.0901794069185,forecast
2023-11-13,86.55828365367721,forecast
2023-11-14,85.77831945836408,forecast
2023-11-15,86.89553868029525,forecast
2023-11-16,86.58741166934874,forecast
2023-11-17,87.96492125885533,forecast
2023-11-18,87.50403137502882,forecast
2023-11-19,88.0747684162733,forecast
2023-11-20,88.46728980509654,forecast
2023-11-21,87.5983677673789,forecast
2023-11-22,88.61606233895503,forecast
2023-11-23,88.20100391614325,forecast
2023-11-24,89.46749136168837,forecast
2023-11-25,88.89519691430353,forecast
2023-11-26,89.3578183643205,forecast
2023-11-27,89.64915599591482,forecast
2023-11-28,88.68949503330151,forecast
2023-11-29,89.6301804534447,forecast
2023-11-30,89.15480721896462,forecast
2023-12-01,90.38034454244512,forecast
2023-12-02,89.78843759583285,forecast
2023-12-03,90.25432946899532,forecast
2023-12-04,90.57278221550808,forecast
2023-12-05,89.66442913605044,forecast
2023-12-06,90.68033594215048,forecast
2023-12-07,90.30319420571767,forecast
2023-12-08,91.64846558865602,forecast
2023-12-09,91.19571968660364,forecast
2023-12-10,91.81760726681128,forecast
2023-12-11,92.30584630093566,forecast
2023-12-12,91.57765113508576,forecast
2023-12-13,92.78038031351574,forecast
2023-12-14,92.59282407858146,forecast
2023-12-15,94.12644746939236,forecast
2023-12-16,93.856829166059,forecast
2023-12-17,94.6527351323286,forecast
2023-12-18,95.3020139724331,forecast
2023-12-19,94.71868073570782,forecast
2023-12-20,96.04708434629352,forecast
2023-12-21,95.9634554718329,forecast
2023-12-22,97.57720993805016,forecast
2023-12-23,97.36243413872567,forecast
2023-12-24,98.186990394595,forecast
2023-12-25,98.83861629027132,forecast
2023-12-26,98.23144550452868,forecast
2023-12-27,99.5107234408196,forecast
2023-12-28,99.35413714371644,forecast
2023-12-29,100.87307459548276,forecast
2023-12-30,100.54405343471672,forecast
2023-12-31,101.23775876347788,forecast
2024-01-01,101.74506605921653,forecast
2024-01-02,100.9834789084701,forecast
2024-01-03,102.10175722073312,forecast
2024-01-04,101.7811578410013,forecast
2024-01-05,103.1366050992334,forecast
2024-01-06,102.64803372488744,forecast
2024-01-07,103.18934605409557,forecast
2024-01-08,103.55436161998595,forecast
2024-01-09,102.66319067373824,forecast
2024-01-10,103.66588512528465,forecast
2024-01-11,103.24640857278762,forecast
2024-01-12,104.52100672173002,forecast
2024-01-13,103.9704581766262,forecast
2024-01-14,104.4690290745666,forecast
2024-01-15,104.81043306290051,forecast
2024-01-16,103.9142275066362,forecast
2024-01-17,104.93042212143216,forecast
2024-01-18,104.54072185331088,forecast
2024-01-19,105.85972082616924,forecast
2024-01-20,105.36628848079094,forecast
2024-01-21,105.9325879911725,forecast
2024-01-22,106.35010273376017,forecast
2024-01-23,105.53609964689537,forecast
2024-01-24,106.6383036602597,forecast
2024-01-25,106.33620309114876,forecast
2024-01-26,107.7423010530337,forecast
2024-01-27,107.33355242409954,forecast
2024-01-28,107.98042512941656,forecast
2024-01-29,108.47296046036612,forecast
2024-01-30,107.72726052402328,forecast
2024-01-31,108.89017658229108,forecast
2024-02-01,108.64061808961608,forecast
2024-02-02,110.08999574381954,forecast
2024-02-03,109.71604851173107,forecast
2024-02-04,110.3894745163602,forecast
2024-02-05,110.90076133459633,forecast
2024-02-06,110.16663527165748,forecast
2024-02-07,111.33470685058022,forecast
2024-02-08,111.08473395761143,forecast
2024-02-09,112.52981963223966,forecast
2024-02-10,112.1477863233508,forecast
2024-02-11,112.81016789077113,forecast
2024-02-12,113.30819676758504,forecast
2024-02-13,112.5592171443272,forecast
2024-02-14,113.71130068829042,forecast
2024-02-15,113.44448725566376,forecast
2024-02-16,114.87196834147151,forecast
2024-02-17,114.47145556098454,forecast
2024-02-18,115.11417561667648,forecast
2024-02-19,115.59086903923604,forecast
2024-02-20,114.81822314068567,forecast
2024-02-21,115.94351498856518,forecast
2024-02-22,115.64588589724652,forecast
2024-02-23,117.0375639941232,forecast
2024-02-24,116.59527578095728,forecast
2024-02-25,117.18928662944968,forecast
2024-02-26,117.60944573447716,forecast
2024-02-27,116.77166510756872,forecast
2024-02-28,117.8226052040893,forecast
2024-02-29,117.44098869676765,forecast
2024-03-01,118.73885671372663,forecast
2024-03-02,118.19300733654208,forecast
2024-03-03,118.6740552216305,forecast
2024-03-04,118.97248719392095,forecast
2024-03-05,118.0051420424501,forecast
2024-03-06,118.91988842318666,forecast
2024-03-07,118.39692082954072,forecast
2024-03-08,119.54998907320936,forecast
2024-03-09,118.85780153981028,forecast
2024-03-10,119.1930419868786,forecast
2024-03-11,119.3483758877779,forecast
2024-03-12,118.24287592267328,forecast
2024-03-13,119.02664206869925,forecast
2024-03-14,118.38203792619412,forecast
2024-03-15,119.42486047831828,forecast
2024-03-16,118.63568532863216,forecast
2024-03-17,118.88882893515895,forecast
2024-03-18,118.97830551292596,forecast
2024-03-19,117.82420974027782,forecast
2024-03-20,118.57730206908116,forecast
2024-03-21,117.9202194309362,forecast
2024-03-22,118.96862935483928,forecast
2024-03-23,118.2025701766668,forecast
2024-03-24,118.49541911035244,forecast
2024-03-25,118.6398658194064,forecast
2024-03-26,117.55432226918629,forecast
2024-03-27,118.3875450025634,forecast
2024-03-28,117.81989165336664,forecast
2024-03-29,118.96452855143792,forecast
2024-03-30,118.29883060631366,forecast
2024-03-31,118.69341363909255,forecast
2024-04-01,118.93817503177834,forecast
2024-04-02,117.94877162399531,forecast
2024-04-03,118.8713091175035,forecast
2024-04-04,118.38366294431398,forecast
2024-04-05,119.5967456717042,forecast
2024-04-06,118.985960481482,forecast
2024-04-07,119.42027942247402,forecast
2024-04-08,119.68832105738548,forecast
2024-04-09,118.7048554447571,forecast
2024-04-10,119.6155100150814,forecast
2024-04-11,119.09809590329382,forecast
2024-04-12,120.26386973769712,forecast
2024-04-13,119.58897066341596,forecast
2024-04-14,119.94347186779667,forecast
2024-04-15,120.11742207187788,forecast
2024-04-16,119.0273060554185,forecast
2024-04-17,119.8206991294141,forecast
2024-04-18,119.177536667582,forecast
2024-04-19,120.21131539100936,forecast
2024-04-20,119.4004679794445,forecast
2024-04-21,119.61735209783284,forecast
2024-04-22,119.65423112970802,forecast
2024-04-23,118.4296774286824,forecast
2024-04-24,119.09317463134718,forecast
2024-04-25,118.3263416022169,forecast
2024-04-26,119.2440959518353,forecast
2024-04-27,118.3259996997478,forecast
2024-04-28,118.44522889153347,forecast
2024-04-29,118.39454488391858,forecast
2024-04-30,117.09269822270016,forecast
2024-05-01,117.68904145931798,forecast
2024-05-02,116.86477297620648,forecast
2024-05-03,117.7341289759036,forecast
2024-05-04,116.77576515938055,forecast
2024-05-05,116.86176863045536,forecast
2024-05-06,116.78367628413248,forecast
2024-05-07,115.45892899995869,forecast
2024-05-08,116.03553631510648,forecast
2024-05-09,115.19337191333088,forecast
2024-05-10,116.04541539056656,forecast
2024-05-11,115.0691801929574,forecast
2024-05-12,115.13576675979544,forecast
2024-05-13,115.0359157946902,forecast
2024-05-14,113.68648987322388,forecast
2024-05-15,114.23515717672068,forecast
2024-05-16,113.36169710679,forecast
2024-05-17,114.17924293437429,forecast
2024-05-18,113.16570138443542,forecast
2024-05-19,113.19278849748004,forecast
2024-05-20,113.05205729462264,forecast
2024-05-21,111.66134633407772,forecast
2024-05-22,112.16942407634416,forecast
2024-05-23,111.2572501534876,forecast
2024-05-24,112.03917020697484,forecast
2024-05-25,110.99428582863538,forecast
2024-05-26,110.99544064941806,forecast
2024-05-27,110.835199822356,forecast
2024-05-28,109.43225366740688,forecast
2024-05-29,109.93602197847432,forecast
2024-05-30,109.02788154651856,forecast
2024-05-31,109.8223347756296,forecast
2024-06-01,108.79836197571436,forecast
2024-06-02,108.8283991029526,forecast
2024-06-03,108.70431864672112,forecast
2024-06-04,107.34384456682623,forecast
2024-06-05,107.8951776004426,forecast
2024-06-06,107.03825297264952,forecast
2024-06-07,107.88594761526667,forecast
2024-06-08,106.91547835063032,forecast
2024-06-09,106.99743148578592,forecast
2024-06-10,106.92179995561138,forecast
2024-06-11,105.60445719577376,forecast
2024-06-12,106.1918422271903,forecast
2024-06-13,105.36227609020828,forecast
2024-06-14,106.22722483757332,forecast
2024-06-15,105.2627487069544,forecast
2024-06-16,105.33857620017336,forecast
2024-06-17,105.24417766224384,forecast
2024-06-18,103.89526621866844,forecast
2024-06-19,104.43849949808629,forecast
2024-06-20,103.55280152730988,forecast
2024-06-21,104.35061958684652,forecast
2024-06-22,103.30935558606112,forecast
2024-06-23,103.3004109549434,forecast
2024-06-24,103.1152203025032,forecast
2024-06-25,101.67170267114324,forecast
2024-06-26,102.11890510934847,forecast
2024-06-27,101.13825952362508,forecast
2024-06-28,101.84476940967896,forecast
2024-06-29,100.71836800946689,forecast
2024-06-30,100.63288903186448,forecast
2024-07-01,100.38202736045515,forecast
2024-07-02,98.88572077782332,forecast
2024-07-03,99.29472955489894,forecast
2024-07-04,98.29183686549636,forecast
2024-07-05,98.99298843531048,forecast
2024-07-06,97.87861453473866,forecast
2024-07-07,97.82257671959032,forecast
2024-07-08,97.61811767104292,forecast
2024-07-09,96.18424572181134,forecast
2024-07-10,96.67033108214788,forecast
2024-07-11,95.7573364883636,forecast
2024-07-12,96.5590000445146,forecast
2024-07-13,95.55321233970469,forecast
2024-07-14,95.61102885503152,forecast
2024-07-15,95.52269429484846,forecast
2024-07-16,94.20410842442988,forecast
2024-07-17,94.80150821144386,forecast
2024-07-18,93.99278659085532,forecast
2024-07-19,94.88876313861334,forecast
2024-07-20,93.96464621774678,forecast
2024-07-21,94.08912513834773,forecast
2024-07-22,94.0504666101003,forecast
2024-07-23,92.76304290632608,forecast
2024-07-24,93.3720646097183,forecast
2024-07-25,92.55493666302527,forecast
2024-07-26,93.42255175740164,forecast
2024-07-27,92.45075977528056,forecast
2024-07-28,92.50945141002212,forecast
2024-07-29,92.38863026676594,forecast
2024-07-30,91.00490133903398,forecast
2024-07-31,91.5061496471777,forecast
2024-08-01,90.57282909762742,forecast
2024-08-02,91.31917731664446,forecast
2024-08-03,90.22459723741314,forecast
2024-08-04,90.1626459099573,forecast
2024-08-05,89.92700740746726,forecast
2024-08-06,88.43788044357204,forecast
2024-08-07,88.84655727890666,forecast
2024-08-08,87.83661678351899,forecast
2024-08-09,88.52505008848459,forecast
2024-08-10,87.39356218682929,forecast
2024-08-11,87.31749225603284,forecast
2024-08-12,87.0917315965968,forecast
2024-08-13,85.6370714595115,forecast
2024-08-14,86.10475859351841,forecast
2024-08-15,85.17768216484777,forecast
2024-08-16,85.97151084188602,forecast
2024-08-17,84.96602321622137,forecast
2024-08-18,85.0340737042471,forecast
2024-08-19,84.9675717065286,forecast
2024-08-20,83.68390474078923,forecast
2024-08-21,84.33058142013587,forecast
2024-08-22,83.58651562001086,forecast
2024-08-23,84.56326802950072,forecast
2024-08-24,83.73648544483726,forecast
2024-08-25,83.97497699617453,forecast
2024-08-26,84.06680207398436,forecast
2024-08-27,82.92579768579212,forecast
2024-08-28,83.69631823895666,forecast
2024-08-29,83.0546064071275,forecast
2024-08-30,84.11010885539535,forecast
2024-08-31,83.33697509585195,forecast
2024-09-01,83.60317697195713,forecast
2024-09-02,83.69662228776056,forecast
2024-09-03,82.5316895412593,forecast
2024-09-04,83.25395648789029,forecast
2024-09-05,82.54154143345863,forecast
2024-09-06,83.50637177897246,forecast
2024-09-07,82.62561932331887,forecast
2024-09-08,82.77074151013451,forecast
2024-09-09,82.73350423070764,forecast
2024-09-10,81.43241558860257,forecast
2024-09-11,82.01734608183322,forecast
2024-09-12,81.17075703957354,forecast
2024-09-13,82.00885490046522,forecast
2024-09-14,81.01291394464046,forecast
2024-09-15,81.05820972765652,forecast
2024-09-16,80.93994176023335,forecast
2024-09-17,79.57957756033674,forecast
2024-09-18,80.12939596748863,forecast
2024-09-19,79.2736536352626,forecast
2024-09-20,80.12969395560464,forecast
2024-09-21,79.17924223464377,forecast
2024-09-22,79.29733008319364,forecast
2024-09-23,79.2782277687947,forecast
2024-09-24,78.0418163412862,forecast
2024-09-25,78.73817659892781,forecast
2024-09-26,78.04881750345923,forecast
2024-09-27,79.08786154230476,forecast
2024-09-28,78.33342870410674,forecast
2024-09-29,78.65665953984497,forecast
2024-09-30,78.84775329829209,forecast
2024-10-01,77.82245000016906,forecast
2024-10-02,78.72673046356026,forecast
2024-10-03,78.2381538137937,forecast
2024-10-04,79.46714696597243,forecast
2024-10-05,78.88848488600746,forecast
2024-10-06,79.37039947165141,forecast
2024-10-07,79.70069071425215,forecast
2024-10-08,78.79326704532309,forecast
2024-10-09,79.79288734165512,forecast
2024-10-10,79.37652304729353,forecast
2024-10-11,80.65465431852847,forecast
2024-10-12,80.10273892335395,forecast
2024-10-13,80.5902921708586,forecast
2024-10-14,80.90695245983511,forecast
2024-10-15,79.96896074580982,forecast
2024-10-16,80.92382822129919,forecast
2024-10-17,80.45161286150385,forecast
2024-10-18,81.66612124489015,forecast
2024-10-19,81.04627712110639,forecast
2024-10-20,81.46509790148554,forecast
2024-10-21,81.71565663761072,forecast
2024-10-22,80.71746075417056,forecast
2024-10-23,81.62102470543316,forecast
2024-10-24,81.1090599070518,forecast
2024-10-25,82.29760080162161,forecast
2024-10-26,81.6673106593906,forecast
2024-10-27,82.0924100389366,forecast
2024-10-28,82.36660679442791,forecast
2024-10-29,81.40945975242511,forecast
2024-10-30,82.37095359625424,forecast
2024-10-31,81.9327081817593,forecast
2024-11-01,83.20914052300652,forecast
2024-11-02,82.67882195676874,forecast
2024-11-03,83.21347187789917,forecast
2024-11-04,83.603965004006,forecast
2024-11-05,82.76678202527285,forecast
2024-11-06,83.84867863637965,forecast
2024-11-07,83.52799343335003,forecast
2024-11-08,84.91591005094116,forecast
2024-11-09,84.48791314721717,forecast
2024-11-10,85.11287676833851,forecast
2024-11-11,85.57915931794663,forecast
2024-11-12,84.80113245519684,forecast
2024-11-13,85.92391666125036,forecast
2024-11-14,85.62474203727015,forecast
2024-11-15,87.01424818215867,forecast
2024-11-16,86.56796166328847,forecast
2024-11-17,87.1553889846651,forecast
2024-11-18,87.56609912951076,forecast
2024-11-19,86.71622333857995,forecast
2024-11-20,87.7531456746974,forecast
2024-11-21,87.3568041972039,forecast
2024-11-22,88.64091826769258,forecast
2024-11-23,88.08438253800708,forecast
2024-11-24,88.56026786824515,forecast
2024-11-25,88.8618058339595,forecast
2024-11-26,87.90878723091987,forecast
2024-11-27,88.85215096219426,forecast
2024-11-28,88.37518597232209,forecast
2024-11-29,89.59466451775332,forecast
2024-11-30,88.9921499414634,forecast
2024-12-01,89.44292159231824,forecast
2024-12-02,89.741895650727,forecast
2024-12-03,88.80997402285492,forecast
2024-12-04,89.79859904573298,forecast
2024-12-05,89.3909375927949,forecast
2024-12-06,90.7030133372132,forecast
2024-12-07,90.21503034110836,forecast
2024-12-08,90.800330146098,forecast
2024-12-09,91.25136021124138,forecast
2024-12-10,90.48608452324466,forecast
2024-12-11,91.65261240113172,forecast
2024-12-12,91.43046703296478,forecast
2024-12-13,92.93181017688345,forecast
2024-12-14,92.63286366341322,forecast
2024-12-15,93.40296720907536,forecast
2024-12-16,94.03064766302782,forecast
2024-12-17,93.43012780448731,forecast
2024-12-18,94.7460480991516,forecast
2024-12-19,94.6548205025158,forecast
2024-12-20,96.26592852483338,forecast
2024-12-21,96.05341226833964,forecast
2024-12-22,96.88497636308377,forecast
2024-12-23,97.54809472270502,forecast
2024-12-24,96.95653945062551,forecast
2024-12-25,98.25510694836416,forecast
2024-12-26,98.12096039349316,forecast
2024-12-27,99.66490331052644,forecast
2024-12-28,99.3628238639436,forecast
2024-12-29,100.08474909732526,forecast
2024-12-30,100.62088467594596,forecast
2024-12-31,99.88806938716571,forecast
2025-01-01,101.0344196042689,forecast
2025-01-02,100.7405852017596,forecast
2025-01-03,102.1209340642349,forecast
2025-01-04,101.65490726598352,forecast
2025-01-05,102.21598655228004,forecast
2025-01-06,102.59765197821748,forecast
2025-01-07,101.71976108588032,forecast
2025-01-08,102.73312672190946,forecast
2025-01-09,102.320716599338,forecast
2025-01-10,103.59879303990895,forecast
2025-01-11,103.0482359138764,forecast
2025-01-12,103.54349097368608,forecast
2025-01-13,103.87852161779662,forecast
2025-01-14,102.97319526317962,forecast
2025-01-15,103.97788085560178,forecast
2025-01-16,103.57467970210628,forecast
2025-01-17,104.87860682854634,forecast
2025-01-18,104.3689643745458,forecast
2025-01-19,104.91834749533966,forecast
2025-01-20,105.31865891340072,forecast
2025-01-21,104.48756129710144,forecast
2025-01-22,105.57314194932135,forecast
2025-01-23,105.25520996023856,forecast
2025-01-24,106.6465410745662,forecast
2025-01-25,106.22430996782538,forecast
2025-01-26,106.85914877071176,forecast
2025-01-27,107.34120658754362,forecast
2025-01-28,106.58663806126664,forecast
2025-01-29,107.74229464428372,forecast
2025-01-30,107.48703822723884,forecast
2025-01-31,108.93299220491116,forecast
2025-02-01,108.55696983307634,forecast
2025-02-02,109.22951919450657,forecast
2025-02-03,109.74096029832816,forecast
2025-02-04,109.00784341312124,forecast
2025-02-05,110.17760357292136,forecast
2025-02-06,109.9298323760748,forecast
2025-02-07,111.3774837616146,forecast
2025-02-08,110.99825530738369,forecast
2025-02-09,111.66358608714128,forecast
2025-02-10,112.16464830303649,forecast
2025-02-11,111.41876340454444,forecast
2025-02-12,112.5740191108669,forecast
2025-02-13,112.31050975458987,forecast
2025-02-14,113.74151770911156,forecast
2025-02-15,113.34487826768388,forecast
2025-02-16,113.99196955630192,forecast
2025-02-17,114.47370494664696,forecast
2025-02-18,113.70695862871683,forecast
2025-02-19,114.8392004099414,forecast
2025-02-20,114.54976152285384,forecast
2025-02-21,115.95104830367926,forecast
2025-02-22,115.51994497563226,forecast
2025-02-23,116.1268457880443,forecast
2025-02-24,116.56169249379168,forecast
2025-02-25,115.74044623560442,forecast
2025-02-26,116.80976826653048,forecast
2025-02-27,116.44832964518392,forecast
2025-02-28,117.76806518045171,forecast
2025-03-01,117.24561137715312,forecast
2025-03-02,117.75136730530728,forecast
2025-03-03,118.07555324415294,forecast
2025-03-04,117.13469527522838,forecast
2025-03-05,118.0763096180636,forecast
2025-03-06,117.58020650426664,forecast
2025-03-07,118.7597288194365,forecast
2025-03-08,118.09316552215584,forecast
2025-03-09,118.45277931785375,forecast
2025-03-10,118.63082427563904,forecast
2025-03-11,117.54598265752736,forecast
2025-03-12,118.34799607421944,forecast
2025-03-13,117.71891227065524,forecast
2025-03-14,118.77426441919506,forecast
2025-03-15,117.99442466981648,forecast
2025-03-16,118.25357321388952,forecast
2025-03-17,118.34566031306412,forecast
2025-03-18,117.19079225644454,forecast
2025-03-19,117.9398179329832,forecast
2025-03-20,117.275538724458,forecast
2025-03-21,118.3138597859566,forecast
2025-03-22,117.53512540114068,forecast
2025-03-23,117.81308032627224,forecast
2025-03-24,117.94083492974632,forecast
2025-03-25,116.8372651313506,forecast
2025-03-26,117.65162355162892,forecast
2025-03-27,117.06478398990065,forecast
2025-03-28,118.19043641607917,forecast
2025-03-29,117.50647401235284,forecast
2025-03-30,117.88401279068056,forecast
2025-03-31,118.11342000860034,forecast
2025-04-01,117.11078065303722,forecast
2025-04-02,118.02257656861384,forecast
2025-04-03,117.52699846955294,forecast
2025-04-04,118.735206150585,forecast
2025-04-05,118.12277662790272,forecast
2025-04-06,118.55877904898652,forecast
2025-04-07,118.8318510741524,forecast
2025-04-08,117.85670469204578,forecast
2025-04-09,118.7788349887216,forecast
2025-04-10,118.27585133365918,forecast
2025-04-11,119.45874582645804,forecast
2025-04-12,118.80333858041784,forecast
2025-04-13,119.17933884815127,forecast
2025-04-14,119.37639717349056,forecast
2025-04-15,118.31057731349496,forecast
2025-04-16,119.12902250758196,forecast
2025-04-17,118.51123685820082,forecast
2025-04-18,119.57029817177668,forecast
2025-04-19,118.78424349956852,forecast
2025-04-20,119.0250681550266,forecast
2025-04-21,119.08471521821474,forecast
2025-04-22,117.88148609693884,forecast
2025-04-23,118.56464849274352,forecast
2025-04-24,117.815664199338,forecast
2025-04-25,118.74935458780696,forecast
2025-04-26,117.84524632209596,forecast
2025-04-27,117.97653914469858,forecast
2025-04-28,117.93607353531564,forecast
2025-04-29,116.64272931063104,forecast
2025-04-30,117.2460317044737,forecast
2025-05-01,116.42738723589818,forecast
2025-05-02,117.3012667935724,forecast
2025-05-03,116.34657776304724,forecast
2025-05-04,116.43566605278932,forecast
2025-05-05,116.36032460241702,forecast
2025-05-06,115.03823802577304,forecast
2025-05-07,115.6176383616564,forecast
2025-05-08,114.77859257189137,forecast
2025-05-09,115.63423749868542,forecast
2025-05-10,114.66220239689132,forecast
2025-05-11,114.7336582457108,forecast
2025-05-12,114.63936888313964,forecast
2025-05-13,113.29617223580516,forecast
2025-05-14,113.85166544030903,forecast
2025-05-15,112.98551355940042,forecast
2025-05-16,113.8106969386411,forecast
2025-05-17,112.80493694387238,forecast
2025-05-18,112.83973921164235,forecast
2025-05-19,112.70642968892946,forecast
2025-05-20,111.3226122660012,forecast
2025-05-21,111.83682261125398,forecast
2025-05-22,110.92979898012032,forecast
2025-05-23,111.71568633485036,forecast
2025-05-24,110.67341498808236,forecast
2025-05-25,110.6756945097442,forecast
2025-05-26,110.51499986479968,forecast
2025-05-27,109.10998030629794,forecast
2025-05-28,109.61006732768053,forecast
2025-05-29,108.6967040612284,forecast
2025-05-30,109.4845139412312,forecast
2025-05-31,108.45265114523352,forecast
2025-06-01,108.47377462847088,forecast
2025-06-02,108.3400235334394,forecast
2025-06-03,106.96942502367926,forecast
2025-06-04,107.51051106110651,forecast
2025-06-05,106.64356640958252,forecast
2025-06-06,107.48182525991044,forecast
2025-06-07,106.5028582563324,forecast
2025-06-08,106.57759071672228,forecast
2025-06-09,106.49632854442528,forecast
2025-06-10,105.1752213735744,forecast
2025-06-11,105.76093778092476,forecast
2025-06-12,104.93197303300254,forecast
2025-06-13,105.79990487691336,forecast
2025-06-14,104.84083725382013,forecast
2025-06-15,104.9244708708607,forecast
2025-06-16,104.8401753765627,forecast
2025-06-17,103.50349108772951,forecast
2025-06-18,104.0608337186614,forecast
2025-06-19,103.1908214557724,forecast
2025-06-20,104.00553905625144,forecast
2025-06-21,102.98197834535904,forecast
2025-06-22,102.99109388968824,forecast
2025-06-23,102.82384878876104,forecast
2025-06-24,101.39767908573604,forecast
2025-06-25,101.86115114427464,forecast
2025-06-26,100.8952325527128,forecast
2025-06-27,101.61449274161048,forecast
2025-06-28,100.49847444494802,forecast
2025-06-29,100.42067673694416,forecast
2025-06-30,100.17452668443178,forecast
2025-07-01,98.67977029530806,forecast
2025-07-02,99.08705930748307,forecast
2025-07-03,98.07915652954952,forecast
2025-07-04,98.7720779563358,forecast
2025-07-05,97.64641465210129,forecast
2025-07-06,97.57627676255233,forecast
2025-07-07,97.35523804036116,forecast
2025-07-08,95.902712580534,forecast
2025-07-09,96.36854096278532,forecast
2025-07-10,95.434208776566,forecast
2025-07-11,96.21401561566628,forecast
2025-07-12,95.1864369958328,forecast
2025-07-13,95.22312062499792,forecast
2025-07-14,95.114894108505,forecast
2025-07-15,93.77821414608086,forecast
2025-07-16,94.3598324836572,forecast
2025-07-17,93.53809942023317,forecast
2025-07-18,94.42422059947376,forecast
2025-07-19,93.49370706690314,forecast
2025-07-20,93.6154575045126,forecast
2025-07-21,93.57784723463452,forecast
2025-07-22,92.29525165854564,forecast
2025-07-23,92.9127771718784,forecast
2025-07-24,92.10761837154676,forecast
2025-07-25,92.9903555944813,forecast
2025-07-26,92.03643142767412,forecast
2025-07-27,92.11524415049176,forecast
2025-07-28,92.01623217256504,forecast
2025-07-29,90.65537704655908,forecast
2025-07-30,91.17989846109832,forecast
2025-07-31,90.26956083606925,forecast
2025-08-01,91.03790679400016,forecast
2025-08-02,89.96365777542118,forecast
2025-08-03,89.91972174075042,forecast
2025-08-04,89.69918430358,forecast
2025-08-05,88.22171339479883,forecast
2025-08-06,88.63815355186884,forecast
2025-08-07,87.63173223947084,forecast
2025-08-08,88.31919627555168,forecast
2025-08-09,87.18212136878185,forecast
2025-08-10,87.09583730766259,forecast
2025-08-11,86.8553475289953,forecast
2025-08-12,85.38167526381078,forecast
2025-08-13,85.82641410863228,forecast
2025-08-14,84.8729067836052,forecast
2025-08-15,85.63737106826252,forecast
2025-08-16,84.60021636925703,forecast
2025-08-17,84.63499342433337,forecast
2025-08-18,84.53435534733215,forecast
2025-08-19,83.21646121381548,forecast
2025-08-20,83.82959858537987,forecast
2025-08-21,83.05344687125213,forecast
2025-08-22,84.00029829053739,forecast
2025-08-23,83.14647735836101,forecast
2025-08-24,83.36139863356604,forecast
2025-08-25,83.433638007203,forecast
2025-08-26,82.27744572698505,forecast
2025-08-27,83.03747455643641,forecast
2025-08-28,82.39014205646495,forecast
2025-08-29,83.44494101186467,forecast
2025-08-30,82.67593643245101,forecast
2025-08-31,82.95088669075989,forecast
2025-09-01,83.0573622794314,forecast
2025-09-02,81.90928901874098,forecast
2025-09-03,82.65168821907052,forecast
2025-09-04,81.96203238947496,forecast
2025-09-05,82.95153062873162,forecast
2025-09-06,82.09658275064544,forecast
2025-09-07,82.26784082085506,forecast
2025-09-08,82.25625316637581,forecast
2025-09-09,80.97951968731896,forecast
2025-09-10,81.58673334011894,forecast
2025-09-11,80.75962904932624,forecast
2025-09-12,81.61375707735172,forecast
2025-09-13,80.62982294478937,forecast
2025-09-14,80.68263568231669,forecast
2025-09-15,80.56704255655347,forecast
2025-09-16,79.2042820714113,forecast
2025-09-17,79.74653289559006,forecast
2025-09-18,78.87808248543342,forecast
2025-09-19,79.71643460632217,forecast
2025-09-20,78.74359961964396,forecast
2025-09-21,78.83501064233812,forecast
2025-09-22,78.78544456185483,forecast
2025-09-23,77.51538004024327,forecast
2025-09-24,78.17556997236821,forecast
2025-09-25,77.44825147022401,forecast
2025-09-26,78.44831138701184,forecast
2025-09-27,77.65464960048446,forecast
2025-09-28,77.93918110319352,forecast
2025-09-29,78.09285346978436,forecast
2025-09-30,77.03210913661937,forecast
2025-10-01,77.90356705091006,forecast
2025-10-02,77.38534372562603,forecast
2025-10-03,78.58832863569043,forecast
2025-10-04,77.98765314069593,forecast
2025-10-05,78.45179107629099,forecast
2025-10-06,78.76866488901,forecast
2025-10-07,77.85218433975571,forecast
2025-10-08,78.84699027541225,forecast
2025-10-09,78.42982185603302,forecast
2025-10-10,79.71082097930021,forecast
2025-10-11,79.16501237998992,forecast
2025-10-12,79.66139734486222,forecast
2025-10-13,79.98903522523776,forecast
2025-10-14,79.06354057957017,forecast
2025-10-15,80.03176972718128,forecast
2025-10-16,79.57311681984733,forecast
2025-10-17,80.80073527901563,forecast
2025-10-18,80.19292550894254,forecast
2025-10-19,80.62212951473421,forecast
2025-10-20,80.88090947548287,forecast
2025-10-21,79.88834106952172,forecast
2025-10-22,80.79459831053913,forecast
2025-10-23,80.2821529065168,forecast
2025-10-24,81.46690673995764,forecast
2025-10-25,80.82950089809647,forecast
2025-10-26,81.24424409703158,forecast
2025-10-27,81.50503939933813,forecast
2025-10-28,80.53174145446852,forecast
2025-10-29,81.47472199608889,forecast
2025-10-30,81.01606710049927,forecast
2025-10-31,82.27072480091975,forecast
2025-11-01,81.71784598819332,forecast
2025-11-02,82.22976046498341,forecast
2025-11-03,82.59796562653442,forecast
2025-11-04,81.73955816319025,forecast
2025-11-05,82.80188433052768,forecast
2025-11-06,82.46382981220842,forecast
2025-11-07,83.83706507196231,forecast
2025-11-08,83.39748628531655,forecast
2025-11-09,84.01429081789408,forecast
2025-11-10,84.4760618458615,forecast
2025-11-11,83.69728974079544,forecast
2025-11-12,84.82310317574203,forecast
2025-11-13,84.53062864513032,forecast
2025-11-14,85.93029228564147,forecast
2025-11-15,85.49730245853651,forecast
2025-11-16,86.10075085515854,forecast
2025-11-17,86.52970597419608,forecast
2025-11-18,85.69972632457419,forecast
2025-11-19,86.75756652715015,forecast
2025-11-20,86.38249570212888,forecast
2025-11-21,87.68754318027172,forecast
2025-11-22,87.1509115726422,forecast
2025-11-23,87.64499691217736,forecast
2025-11-24,87.96239198872202,forecast
2025-11-25,87.02230276043228,forecast
2025-11-26,87.97515372777008,forecast
2025-11-27,87.5038044770023,forecast
2025-11-28,88.72469527812852,forecast
2025-11-29,88.1191645655645,forecast
2025-11-30,88.56238067658433,forecast
2025-12-01,88.84926642450245,forecast
2025-12-02,87.90084857034557,forecast
2025-12-03,88.86880992507994,forecast
2025-12-04,88.43666774983369,forecast
2025-12-05,89.7208973749006,forecast
2025-12-06,89.20224444953179,forecast
2025-12-07,89.75466831516898,forecast
2025-12-08,90.17129472925352,forecast
2025-12-09,89.37080919843045,forecast
2025-12-10,90.50206741791376,forecast
2025-12-11,90.24534485576228,forecast
2025-12-12,91.71354242854154,forecast
2025-12-13,91.38358941763804,forecast
2025-12-14,92.1254836326264,forecast
2025-12-15,92.72834441011116,forecast
2025-12-16,92.10690698991904,forecast
2025-12-17,93.4062320470704,forecast
2025-12-18,93.30304977390526,forecast
2025-12-19,94.90705296168052,forecast
2025-12-20,94.69237794939488,forecast
2025-12-21,95.5267114419644,forecast
2025-12-22,96.19739711254408,forecast
2025-12-23,95.61796923148891,forecast
2025-12-24,96.93288620759748,forecast
2025-12-25,96.81888297094052,forecast
2025-12-26,98.3862566172099,forecast
2025-12-27,98.11032458413972,forecast
2025-12-28,98.86049418051508,forecast
2025-12-29,99.4263185889873,forecast
2025-12-30,98.72396814093482,forecast
2025-12-31,99.90089160602987,forecast
